Super Mario Bros.jpeg , nintendo-mario.gif, https://pub-7b3dba528c09450a868eaee956dfe1b4.r2.dev/super-mario-bros.nes
Super Mario Bros 3.webp , super-mario-bros-super-mario-bros3.gif, https://pub-7b3dba528c09450a868eaee956dfe1b4.r2.dev/super-mario-bros-3.nes
Super Bros 10- Kung Fu Mari.png , mar.gif, https://pub-7b3dba528c09450a868eaee956dfe1b4.r2.dev/c.nes
Adventure Island II.jpeg , i2.gif, https://pub-7b3dba528c09450a868eaee956dfe1b4.r2.dev/adventure-island-2.nes
Adventure Island III.webp , i3.gif, https://pub-7b3dba528c09450a868eaee956dfe1b4.r2.dev/e.nes
Metal Gear.webp , getting-sleepy-i-feel-asleep.gif, https://pub-7b3dba528c09450a868eaee956dfe1b4.r2.dev/f.nes
Teenage Mutant Ninja Turtles III.jpg , JzTVOK.gif, https://pub-7b3dba528c09450a868eaee956dfe1b4.r2.dev/g.nes
Double Dragon III.jpeg , doubledragon.gif, https://pub-7b3dba528c09450a868eaee956dfe1b4.r2.dev/h.nes
Kung Fu.webp , kun1.gif, https://pub-7b3dba528c09450a868eaee956dfe1b4.r2.dev/i.nes
The Jungle Book.jpeg , jungle.gif, https://pub-7b3dba528c09450a868eaee956dfe1b4.r2.dev/j.nes
Spider-Man.jpeg , m5qjOj.gif, https://pub-7b3dba528c09450a868eaee956dfe1b4.r2.dev/k.nes
Batman.jpeg , batman-return-of-the-joker-nes.gif, https://pub-7b3dba528c09450a868eaee956dfe1b4.r2.dev/l.nes
James Bond Jr..webp , James_Bond_Jr_-_NES_0063.gif, https://pub-7b3dba528c09450a868eaee956dfe1b4.r2.dev/m.nes
Super Contra.jpeg , n8cjejuoea8y.gif, https://pub-7b3dba528c09450a868eaee956dfe1b4.r2.dev/n.nes
Contra Force.webp , contras.gif, https://pub-7b3dba528c09450a868eaee956dfe1b4.r2.dev/o.nes
Code Name:Viper.jpg , viper.gif, https://pub-7b3dba528c09450a868eaee956dfe1b4.r2.dev/p.nes
River City Ransom.webp , YnWLap.gif, https://pub-7b3dba528c09450a868eaee956dfe1b4.r2.dev/q.nes
Mickey Mousecapade.jpeg , K3bn62.gif, https://pub-7b3dba528c09450a868eaee956dfe1b4.r2.dev/r.nes
Lode Runner.png , vQEaP3.gif, https://pub-7b3dba528c09450a868eaee956dfe1b4.r2.dev/s.nes
City Connection.png , city.gif, https://pub-7b3dba528c09450a868eaee956dfe1b4.r2.dev/t.nes
The Goonies II.webp , goonies.gif, https://pub-7b3dba528c09450a868eaee956dfe1b4.r2.dev/u.nes
Jackal.png , KhnlHo.gif, https://pub-7b3dba528c09450a868eaee956dfe1b4.r2.dev/v.nes
Chip 'n Dale Rescue Rangers 2.jpeg , chip.gif, https://pub-7b3dba528c09450a868eaee956dfe1b4.r2.dev/w.nes
Gun.Smoke.png , gunsmoke.gif, https://pub-7b3dba528c09450a868eaee956dfe1b4.r2.dev/x.nes
The Legend of Kage.jpeg , 2T-e2L.gif, https://pub-7b3dba528c09450a868eaee956dfe1b4.r2.dev/y.nes
Ninja Gaiden II.jpeg , ninja.gif, https://pub-7b3dba528c09450a868eaee956dfe1b4.r2.dev/z.nes
Rush'n Attack.png , rush.gif, https://pub-7b3dba528c09450a868eaee956dfe1b4.r2.dev/aa.nes
Monster in My Pocket.png , monster.gif, https://pub-7b3dba528c09450a868eaee956dfe1b4.r2.dev/ab.nes
Karateka.png , kart.gif, https://pub-7b3dba528c09450a868eaee956dfe1b4.r2.dev/ac.nes
Kirby's Adventure.png , kirbys-adventure-nes.gif, https://pub-7b3dba528c09450a868eaee956dfe1b4.r2.dev/ad.nes
Front Line.jpeg , front.gif, https://pub-7b3dba528c09450a868eaee956dfe1b4.r2.dev/ae.nes
Bionic Commando.jpeg , bionic-commando-nes.gif, https://pub-7b3dba528c09450a868eaee956dfe1b4.r2.dev/af.nes
Metroid.jpeg , metroid-metroid-game.gif, https://pub-7b3dba528c09450a868eaee956dfe1b4.r2.dev/ag.nes
Mega Man 2.jpeg , mega_man_2-nes.gif, https://pub-7b3dba528c09450a868eaee956dfe1b4.r2.dev/ah.nes
64 in 1.gif , source.gif, https://pub-7b3dba528c09450a868eaee956dfe1b4.r2.dev/ai.nes
76 in 1.webp , NES_01.gif, https://pub-7b3dba528c09450a868eaee956dfe1b4.r2.dev/aj.nes