Tekken 3.jpeg , tekkeng.gif, https://pub-7b3dba528c09450a868eaee956dfe1b4.r2.dev/pa.7z
Crash Team Racing.png , crash-bandicoot-crash-team-racing-nitro-fueled.gif, https://pub-7b3dba528c09450a868eaee956dfe1b4.r2.dev/pb.7z
Crash Bandicoot.png , crash-bandicoot-psx.gif, https://pub-7b3dba528c09450a868eaee956dfe1b4.r2.dev/pn.7z
Metal Slug X.jpeg , metalslugx.gif, https://pub-7b3dba528c09450a868eaee956dfe1b4.r2.dev/pc.7z
Tomb Raider.png , tmr1.gif, https://pub-7b3dba528c09450a868eaee956dfe1b4.r2.dev/pd.7z
Tomb Raider II.png , collection-ag-tr2-tomb-raider.gif, https://pub-7b3dba528c09450a868eaee956dfe1b4.r2.dev/pe.7z
Tomb Raider III.png , collection-ag-tr3-tomb-raider.gif, https://pub-7b3dba528c09450a868eaee956dfe1b4.r2.dev/pf.7z
WWF SmackDown!.jpeg , wsunderrock.webp, https://pub-7b3dba528c09450a868eaee956dfe1b4.r2.dev/ph.7z
ISS Pro Evolution 2.jpeg , isspe2scholes.webp, https://pub-7b3dba528c09450a868eaee956dfe1b4.r2.dev/pi.7z
Gran Turismo 2.jpeg , gt2city.webp, https://pub-7b3dba528c09450a868eaee956dfe1b4.r2.dev/gran-turismo-2-arcade.7z
Jackie Chan.jpeg , jackie.gif, https://pub-7b3dba528c09450a868eaee956dfe1b4.r2.dev/pj.7z
Syphon Filter.jpeg , syphon-filter-fire.gif, https://pub-7b3dba528c09450a868eaee956dfe1b4.r2.dev/pk.7z
Syphon Filter 2.jpeg , ps1-syphon-filter2.gif, https://pub-7b3dba528c09450a868eaee956dfe1b4.r2.dev/pl.7z
Syphon Filter 3.jpeg , sf3.gif, https://pub-7b3dba528c09450a868eaee956dfe1b4.r2.dev/pm.7z
Road Rash.jpg , roadrash.gif, https://pub-7b3dba528c09450a868eaee956dfe1b4.r2.dev/roadrash.7z