Super Mario All-Stars.jpeg , super-mario-allstars-nintendo.gif, https://pub-7b3dba528c09450a868eaee956dfe1b4.r2.dev/qa.smc
The Legend of Zelda- A Link to the Past.jpeg , zelda-the-legend-of-zelda.gif, https://pub-7b3dba528c09450a868eaee956dfe1b4.r2.dev/qb.smc
Donkey Kong Country 2.jpeg , 125T.gif, https://pub-7b3dba528c09450a868eaee956dfe1b4.r2.dev/qc.smc
Teenage Mutant Ninja Turtles IV.webp , turtles-in-time-teenage-mutant-ninja-turtles.gif, https://pub-7b3dba528c09450a868eaee956dfe1b4.r2.dev/qd.smc
Disney's Aladdin.jpeg , aladdin-snes.gif, https://pub-7b3dba528c09450a868eaee956dfe1b4.r2.dev/qe.smc
The Jungle Book.webp , junglebook.gif, https://pub-7b3dba528c09450a868eaee956dfe1b4.r2.dev/qf.smc
Street Fighter II.webp , street-fighter-sf2.gif, https://pub-7b3dba528c09450a868eaee956dfe1b4.r2.dev/qg.smc
Mega Man X.png , mega-man-x-snes.gif, https://pub-7b3dba528c09450a868eaee956dfe1b4.r2.dev/qh.smc
Contra III- The Alien Wars.webp , contra-contra_3.gif, https://pub-7b3dba528c09450a868eaee956dfe1b4.r2.dev/qi.smc
Sonic the Hedgehog.webp , o2QYOL.gif, https://pub-7b3dba528c09450a868eaee956dfe1b4.r2.dev/qj.smc
X-Men- Mutant Apocalypse.jpeg , x-men-mutant-apocalypse-snes-1994-v0-0x62114y535a1.gif, https://pub-7b3dba528c09450a868eaee956dfe1b4.r2.dev/qk.smc
Super Bomberman.png , Bit8.gif, https://pub-7b3dba528c09450a868eaee956dfe1b4.r2.dev/ql.smc
Prince of Persia.webp , 123.gif, https://pub-7b3dba528c09450a868eaee956dfe1b4.r2.dev/qm.smc